{
  "index.html": 1632911967524,
  "model/models.js": 1632911967528,
  "manifest.json": 1633012511245,
  "controller/View1.controller.js": 1632911967524,
  "Component.js": 1632911967520,
  "manifest-bundle.zip": 1633012511264,
  "Component-preload.js": 1633012511669,
  "Component-dbg.js": 1632911967520,
  "controller/View1-dbg.controller.js": 1632911967524,
  "model/models-dbg.js": 1632911967528,
  "view/View1.view.xml": 1632927559377,
  "css/style.css": 1632911967524,
  "i18n/i18n.properties": 1632981265087
}