{
  "welcomeFile": "/index.html",
  "authenticationMethod": "route",
  "routes": [
    {
      "source": "^/resources/(.*)$",
      "target": "/resources/$1",
      "authenticationType": "none",
      "destination": "ui5"
    },
    {
      "source": "^/test-resources/(.*)$",
      "target": "/test-resources/$1",
      "authenticationType": "none",
      "destination": "ui5"
    },
    {
      "authenticationType": "none",
      "csrfProtection": false,
      "source": "^/catalog/",
      "destination": "mycap_app_launchpad2-srv"
    },
    {
      "source": "^(.*)$",
      "target": "$1",
      "service": "html5-apps-repo-rt",
      "authenticationType": "xsuaa",
      "scope":{
          "GET":["$XSAPPNAME.Display"],
          "PATCH":["$XSAPPNAME.Display"],
          "POST":["$XSAPPNAME.Display"],
          "PUT":["$XSAPPNAME.Display"],
          "DELETE":["$XSAPPNAME.Display"],
          "default":["$XSAPPNAME.Display"]
      }
    }
  ]
}
